TIME,METRIC VALUE
2.5761070251464844,1647
5.078435182571411,1888
7.64625096321106,1888
10.207710981369019,1933
12.742457389831543,1931
15.251626014709473,1560
17.75719428062439,1560
20.271414041519165,1568
22.7813241481781,1519
25.278319597244263,1520
27.780202627182007,1520
30.286887168884277,1520
32.78521656990051,1520
35.28480911254883,1521
36.55424666404724,1521
37.54328179359436,1522
37.7773220539093,1521
39.978806495666504,1523
40.27937889099121,1523
41.551862955093384,1522
42.54179930686951,1537
42.76515460014343,1523
44.53986120223999,1524
45.26065397262573,1524
46.52837562561035,1523
47.53429818153381,1525
47.75069522857666,1525
49.53211808204651,1524
50.248307943344116,1525
51.989540576934814,1525
52.534512519836426,1525
52.75294804573059,1529
54.58790397644043,1429
55.272562742233276,1505
56.60788130760193,1857
57.78933763504028,1902
58.552573442459106,1903
59.55018496513367,1902
60.28420042991638,1902
61.60011148452759,1904
62.610196590423584,1905
62.80617880821228,1941
64.6024169921875,1943
65.32968091964722,1943
66.55673289299011,1943
67.56041812896729,1944
67.85118389129639,1943
69.98704695701599,1570
70.36166596412659,1570
71.53317260742188,1570
72.55715656280518,1571
72.87044787406921,1570
74.56268763542175,1575
75.37593626976013,1528
76.55478048324585,1528
77.57455110549927,1529
77.87977647781372,1528
79.5542802810669,1529
80.37668061256409,1529
82.00215768814087,1529
82.55016922950745,1529
82.88044953346252,1530
84.58130812644958,1529
85.3943305015564,1531
86.55664205551147,1529
87.89119577407837,1528
88.56939697265625,1529
89.57123684883118,1529
90.39740109443665,1529
91.54972910881042,1529
92.55676174163818,1529
92.8973376750946,1530
94.53225898742676,1529
95.41833066940308,1530
96.55086779594421,1535
97.55182433128357,1530
97.94472551345825,1530
99.9891848564148,1530
100.43665671348572,1530
101.55136179924011,1531
102.54280757904053,1532
102.9392192363739,1531
104.5541524887085,1531
105.43004727363586,1531
106.58299684524536,1531
107.60404419898987,1447
107.95629978179932,1436
109.58716893196106,1671
110.47498893737793,1871
111.98664736747742,1911
112.55670690536499,1911
112.98411083221436,1911
114.56930470466614,1909
115.49244999885559,1910
116.54649114608765,1948
117.98915934562683,1951
118.02285742759705,1952
119.57842516899109,1949
120.54462456703186,1949
121.58631825447083,1578
122.55922293663025,1578
123.04176545143127,1576
124.5592577457428,1577
125.55613875389099,1577
126.58076119422913,1577
127.57023024559021,1577
128.0765347480774,1536
129.99161839485168,1534
130.5623757839203,1534
130.6413323879242,1533
132.56132078170776,1534
133.1594181060791,1533
134.56671714782715,1532
135.6811079978943,1533
136.5619661808014,1535
137.5598850250244,1535
138.18665051460266,1534
139.5773947238922,1534
140.56336617469788,1549
140.70136666297913,1535
142.5514485836029,1535
143.22078037261963,1535
144.54183268547058,1534
145.55434608459473,1536
145.73551392555237,1536
147.97554969787598,1535
148.2353777885437,1535
149.55156254768372,1535
150.5518672466278,1536
150.73616886138916,1535
152.53896117210388,1535
153.2387571334839,1535
154.54958319664001,1535
155.54484915733337,1536
155.7369406223297,1535
157.5585584640503,1536
158.24586749076843,1535
159.9826626777649,1537
160.6337821483612,1440
160.90661311149597,1440
162.59118747711182,1582
163.47473049163818,1872
164.57826375961304,1912
166.005708694458,1913
166.032368183136,1913
167.55024123191833,1913
168.56347608566284,1914
169.5736117362976,1952
170.58438062667847,1951
171.07078003883362,1952
172.58452796936035,1953
173.59845662117004,1954
173.6107223033905,1954
175.59554481506348,1582
176.17662811279297,1581
177.97185492515564,1582
178.5651547908783,1583
178.6827404499054,1584
180.58708143234253,1582
181.19743394851685,1582
182.55011177062988,1540
183.72813773155212,1544
184.55366730690002,1542
185.5758078098297,1542
186.23907947540283,1541
187.5572829246521,1541
188.55968976020813,1542
188.75014781951904,1541
190.55476689338684,1542
191.2674789428711,1541
192.55214476585388,1541
193.56055068969727,1543
193.79818558692932,1541
196.02081537246704,1539
196.3245189189911,1539
197.57152462005615,1539
198.55693793296814,1540
198.84246563911438,1539
200.54475831985474,1540
201.34629440307617,1540
202.5359070301056,1538
203.55970907211304,1540
203.84932279586792,1539
205.55633568763733,1539
206.35146737098694,1541
207.96943855285645,1541
208.55227828025818,1541
208.86028265953064,1540
210.54918503761292,1540
211.36525511741638,1541
212.55925583839417,1541
213.8891625404358,1542
214.63828420639038,1447
215.69508957862854,1514
216.6836383342743,1685
217.64441657066345,1888
218.57398080825806,1919
219.21234321594238,1919
220.5508096218109,1919
221.56493616104126,1921
221.73466110229492,1919
223.57089114189148,1957
224.31865000724792,1957
225.999769449234,1958
226.61615920066833,1959
226.88074612617493,1959
228.57100009918213,1960
229.41559219360352,1588
230.56449007987976,1587
231.9265387058258,1588
232.5613555908203,1588
233.59999060630798,1589
234.43460702896118,1588
235.58320951461792,1544
236.59927010536194,1546
236.95536255836487,1546
238.5815463066101,1552
239.50106263160706,1547
240.58908867835999,1546
241.62001752853394,1548
242.02544164657593,1547
244.03246212005615,1546
244.5514268875122,1546
245.57818126678467,1547
246.59187579154968,1548
247.07158613204956,1547
248.5800485610962,1546
249.59241271018982,1553
250.57461595535278,1547
251.58759951591492,1548
252.10989260673523,1547
253.5670599937439,1547
254.6034038066864,1548
254.63538193702698,1548
256.5933771133423,1547
257.1963815689087,1548
258.5831370353699,1548
259.6024467945099,1549
259.75525069236755,1549
262.00196075439453,1548
262.2625937461853,1549
263.5438334941864,1548
264.55191946029663,1548
264.77746772766113,1548
266.55439591407776,1547
267.29745388031006,1547
268.6405601501465,1453
269.65394926071167,1524
269.8711898326874,1541
271.5892903804779,1896
272.4272286891937,1924
274.02307963371277,1924
274.6014127731323,1924
274.95783615112305,1924
276.634370803833,1924
277.4881498813629,1961
278.61463379859924,1961
280.03540873527527,1962
280.60533261299133,1963
281.59972739219666,1965
282.60719752311707,1604
282.63105726242065,1602
284.55840039253235,1593
285.12700963020325,1593
286.6114807128906,1593
287.58403968811035,1594
287.65739274024963,1594
289.5751700401306,1552
290.21010637283325,1552
292.00239539146423,1552
292.6230046749115,1553
292.7315890789032,1553
294.5832874774933,1552
295.2707607746124,1552
296.5759165287018,1551
297.8004927635193,1552
298.59201312065125,1552
299.5614194869995,1553
300.32407307624817,1552
301.5621283054352,1552
302.56894159317017,1553
302.8426687717438,1552
304.5822741985321,1563
305.3496780395508,1553
306.5712912082672,1552
307.5873384475708,1553
307.87356758117676,1553
310.0016989707947,1551
310.3956997394562,1551
311.5511043071747,1552
312.55742383003235,1552
312.9097774028778,1551
314.59160113334656,1551
315.43384194374084,1559
316.5922968387604,1551
317.557742357254,1551
317.9429728984833,1551
319.56103134155273,1551
320.4617648124695,1552
322.06314158439636,1456
322.64486360549927,1457
323.04810667037964,1478
324.6261601448059,1694
325.6167504787445,1892
325.6740734577179,1903
328.0028920173645,1930
328.2128076553345,1931
329.75489711761475,1932
330.61974120140076,1931
330.7442808151245,1930
332.5931851863861,1968
333.3123435974121,1968
334.5784664154053,1972
335.66619753837585,1970
335.8905382156372,1973
337.58833050727844,1597
338.46398425102234,1597
339.98858404159546,1599
340.58941411972046,1600
341.0117976665497,1597
342.60841393470764,1597
343.5481548309326,1556
344.5665669441223,1556
346.0698845386505,1556
346.10315990448,1555
347.615355014801,1555
348.6232120990753,1559
348.67740082740784,1561
350.56800174713135,1558
351.2047231197357,1559
352.55313992500305,1559
353.58025193214417,1562
353.74231910705566,1559
355.57412600517273,1559
356.26740050315857,1559
358.05156207084656,1560
358.600533246994,1560
358.7858695983887,1565
360.5736336708069,1560
361.3053102493286,1560
362.57040905952454,1559
363.82447242736816,1560
364.63120555877686,1560
365.63292932510376,1559
366.33185863494873,1559
367.5493857860565,1559
368.54801058769226,1560
368.88067865371704,1559
370.55578351020813,1559
371.3991606235504,1559
372.55283856391907,1560
373.56693387031555,1560
373.915739774704,1559
376.03071451187134,1560
376.5275664329529,1464
377.63778614997864,1499
378.639529466629,1587
379.0675239562988,1692
380.58423614501953,1941
381.6151342391968,1936
382.57508087158203,1939
383.5891673564911,1938
384.2799699306488,1938
385.6122097969055,1937
386.6422848701477,1976
386.84695196151733,1975
388.6118941307068,1975
389.4092164039612,1976
390.6027445793152,1982
391.6152458190918,1615
391.9639947414398,1605
394.03991508483887,1604
394.49643659591675,1604
395.5748176574707,1604
396.5960500240326,1605
397.04457116127014,1563
398.62103295326233,1564
399.58628821372986,1563
400.60789155960083,1566
401.65431547164917,1564
402.12997460365295,1563
403.6112205982208,1564
404.5783236026764,1564
404.674498796463,1563
406.5738091468811,1564
407.21741223335266,1564
408.56526827812195,1565
409.5851354598999,1564
409.79258012771606,1563
412.01100516319275,1563
412.3349552154541,1564
413.5852346420288,1572
414.63651275634766,1565
414.88564109802246,1566
416.5824053287506,1566
417.4123537540436,1566
418.5989465713501,1565
419.60004329681396,1566
419.9358208179474,1566
421.5973801612854,1568
422.4584393501282,1567
424.0191400051117,1568
424.5988733768463,1580
424.96910214424133,1569
426.5652847290039,1568
427.4918005466461,1567
428.57262921333313,1568
430.00724387168884,1568
430.082558631897,1568
431.68863248825073,1504
432.67759585380554,1599
432.74700260162354,1603
434.61843252182007,1947
435.2884659767151,1957
436.6044411659241,1948
437.6133246421814,1947
437.83532309532166,1946
439.6092851161957,1949
440.453994512558,1983
442.02281880378723,1985
442.66431069374084,1985
443.0030269622803,1994
444.6396107673645,1985
445.56010127067566,1613
446.61968994140625,1613
448.0626006126404,1613
448.1431131362915,1613
449.5800955295563,1613
450.5748782157898,1614
450.68091583251953,1613
452.60971188545227,1570
453.2705247402191,1570
454.5737760066986,1570
455.6355035305023,1573
455.83232259750366,1572
457.57095313072205,1573
458.38785314559937,1572
459.99444794654846,1573
460.6324779987335,1573
460.94136786460876,1573
462.59012961387634,1572
463.48841071128845,1574
464.6361117362976,1572
466.02742648124695,1572
466.68302178382874,1574
467.5985417366028,1573
468.5938489437103,1573
469.6395194530487,1574
470.5867671966553,1574
471.1204812526703,1572
472.60132932662964,1573
473.57597517967224,1574
473.6745285987854,1574
475.56664776802063,1573
476.2145371437073,1574
478.07453536987305,1574
478.6064155101776,1574
478.75203680992126,1578
480.57088136672974,1573
481.28448462486267,1574
482.59882712364197,1573
483.8042278289795,1574
484.55832052230835,1574
485.5909447669983,1573
486.38557505607605,1479
487.7096598148346,1520
488.73681235313416,1624
489.0320768356323,1715
490.6279890537262,1954
491.59490728378296,1954
492.642808675766,1956
493.6459891796112,1958
494.3257324695587,1956
496.0658166408539,1995
496.63538646698,1995
496.8930435180664,1995
498.5921196937561,1996
499.50105690956116,1996
500.62273240089417,2001
502.043984413147,1624
502.0982904434204,1624
503.62619376182556,1623
504.65020990371704,1625
504.6872775554657,1625
506.5765264034271,1626
507.23057866096497,1624
508.58442664146423,1583
509.5851447582245,1583
509.7667713165283,1582
511.6137716770172,1588
512.3321709632874,1583
514.0035228729248,1583
514.5946905612946,1584
514.8703668117523,1583
516.621612071991,1583
517.4172410964966,1583
518.6216790676117,1582
519.9565711021423,1583
520.6333975791931,1583
521.615636587143,1584
522.5086045265198,1587
523.6178274154663,1583
524.6047859191895,1584
525.0798380374908,1583
526.609869480133,1583
527.6367611885071,1583
527.6788959503174,1584
529.6314928531647,1583
530.2144687175751,1583
532.0251462459564,1587
532.6556377410889,1585
532.8150975704193,1585
534.6137681007385,1586
535.355028629303,1585
536.5746192932129,1585
537.8729445934296,1586
538.5706007480621,1586
539.5796737670898,1587
540.4043698310852,1585
541.570351600647,1586
542.6172108650208,1586
542.9508514404297,1586
544.7179865837097,1493
545.6346085071564,1578
546.6802976131439,1737
547.6392059326172,1960
548.2242381572723,1967
550.0967552661896,1963
550.6672575473785,1963
550.8150060176849,1963
552.6757173538208,1972
553.4101991653442,1999
554.7860610485077,2000
555.9917302131653,2012
556.7152898311615,2002
557.6441748142242,2003
558.6031982898712,1714
559.6906728744507,1588
560.5876791477203,1589
561.1540985107422,1588
562.6199560165405,1591
563.7120161056519,1589
563.7387669086456,1588
565.6293711662292,1590
566.327130317688,1590
568.1369185447693,1591
568.5729379653931,1592
568.9023704528809,1591
570.5872142314911,1592
571.4580721855164,1592
572.6073784828186,1591
574.0059757232666,1593
574.5720355510712,1592
575.5974707603455,1599
576.6037051677704,1592
577.5963616371155,1598
578.6128730773926,1594
579.1849076747894,1592
580.5750188827515,1598
581.6086568832397,1593
581.7290360927582,1592
583.5930325984955,1593
584.3076543807983,1593
586.0192468166351,1593
586.6445722579956,1593
586.8663306236267,1593
588.5896694660187,1601
589.4347379207611,1594
590.6462936401367,1593
591.9885544776917,1595
592.6369047164917,1593
593.5771360397339,1594
594.5318040847778,1593
595.5973627567291,1593
596.6919026374817,1498
597.2131459712982,1528
598.6967098712921,1725
599.6593859195709,1937
599.8276014328003,1974
601.6022202968597,1969
602.3778538703918,1969
604.2015919685364,1973
604.6075406074524,1973
604.9618747234344,1973
606.6339905261993,2012
607.6030116081238,2012
608.6355340480804,2014
610.084121465683,2014
610.2183284759521,2014
611.6447458267212,1641
612.6018664836884,1641
612.8063950538635,1640
614.648232460022,1641
615.3646876811981,1641
616.674097776413,1599
617.608683347702,1600
617.9236018657684,1599
619.624317407608,1600
620.5288336277008,1600
622.0935750007629,1614
622.6032884120941,1601
623.0790951251984,1600
624.5731518268585,1601
625.6165132522583,1601
625.6538741588593,1601
628.0681447982788,1600
628.2691893577576,1599
629.5816354751587,1599
630.6165170669556,1600
630.8510527610779,1601
632.6328065395355,1605
633.4136097431183,1601
634.6192433834076,1599
635.6275858879089,1601
635.9643950462341,1601
637.5805337429047,1601
638.5107862949371,1600
640.0191044807434,1600
640.5941405296326,1602
641.0611026287079,1602
642.5826859474182,1602
643.5914809703827,1612
643.6405336856842,1612
646.0134210586548,1603
646.1943066120148,1603
647.6249623298645,1604
648.6313500404358,1605
648.7503464221954,1606
650.6182372570038,1605
651.456609249115,1509
652.6890361309052,1591
653.720468044281,1744
654.1041140556335,1941
655.6617386341095,1988
656.6982364654541,1983
656.7263848781586,1983
658.9987254142761,1982
659.3432292938232,1981
660.6835963726044,2022
661.6599168777466,2020
661.9718124866486,2020
664.1350038051605,2023
664.6393799781799,2021
665.6459538936615,2033
666.7033576965332,1650
667.2382562160492,1649
668.637825012207,1649
669.8249881267548,1649
670.6467325687408,1650
671.6406500339508,1609
672.413566827774,1608
673.599526643753,1608
674.6304540634155,1608
674.9782607555389,1608
676.6072103977203,1618
677.5836789608002,1608
678.66739153862,1609
679.6492612361908,1609
680.1474599838257,1608
682.0714271068573,1611
682.612863779068,1610
682.7153594493866,1609
684.6334686279297,1610
685.31170129776,1611
686.6586158275604,1612
687.8977365493774,1627
688.6501076221466,1613
689.6306021213531,1613
690.4699447154999,1613
691.6666679382324,1613
692.6300475597382,1613
693.0259680747986,1613
694.5954353809357,1618
695.633556842804,1613
695.6565182209015,1614
697.6591911315918,1613
698.1755173206329,1615
700.0383689403534,1614
700.594028711319,1613
700.710088968277,1614
702.6635818481445,1613
703.2773225307465,1614
704.5725572109222,1612
705.853212594986,1613
706.6382021903992,1518
707.795556306839,1518
708.7203874588013,1600
709.6989386081696,1765
710.6757168769836,1979
711.3656394481659,1991
712.6658263206482,1990
713.6927156448364,1991
713.960823059082,1991
715.7715163230896,1990
716.5825152397156,2028
718.0602142810822,2028
718.6574444770813,2029
719.3250818252563,2036
720.7327544689178,2040
721.6556160449982,2036
721.998996257782,2030
724.1344156265259,1657
724.5802886486053,1658
725.6118264198303,1660
726.6288003921509,1660
727.1709742546082,1662
728.6108314990997,1620
729.7409691810608,1620
730.7554333209991,1621
731.643336057663,1634
732.3129959106445,1622
733.6843156814575,1623
734.6096262931824,1623
734.9087271690369,1622
736.6953372955322,1622
737.4902393817902,1624
738.6503415107727,1624
739.6512694358826,1623
740.0990695953369,1622
742.1590309143066,1623
742.6883177757263,1634
742.7588918209076,1634
744.7041072845459,1623
745.4958021640778,1622
746.6514048576355,1622
748.024578332901,1624
748.0744769573212,1623
749.629052400589,1623
750.6267952919006,1623
750.6836423873901,1625
752.7486159801483,1623
753.254497051239,1627
754.6105616092682,1629
755.6468932628632,1625
755.8198518753052,1624
757.5931451320648,1623
758.3647558689117,1624
760.0091459751129,1625
760.611602306366,1625
760.9127411842346,1625
762.66055727005,1624
763.7143130302429,1527
765.0907821655273,1618
766.4394755363464,1959
767.0055928230286,1974
767.9997611045837,2005
768.9804916381836,2002
769.0488653182983,2003
771.1683900356293,2000
771.6696815490723,2001
773.0438416004181,2040
774.01593708992,2042
774.3701121807098,2041
776.0121324062347,2062
777.1173300743103,2045
777.1777691841125,2046
778.9502191543579,1671
779.786167383194,1673
780.6784763336182,1672
781.6239588260651,1672
782.3714661598206,1672
784.0437848567963,1632
784.6306161880493,1632
784.9499464035034,1631
786.642421245575,1641
787.5902254581451,1631
788.6802208423615,1630
790.0696864128113,1633
790.231100320816,1632
791.6223487854004,1631
792.6318244934082,1632
792.802080154419,1632
794.6443498134613,1631
795.375422000885,1632
796.8152363300323,1631
797.6669766902924,1642
797.9425327777863,1646
799.6327004432678,1632
800.6435854434967,1637
800.6856989860535,1632
802.6924047470093,1632
803.2641236782074,1632
804.6618146896362,1631
805.5925371646881,1632
805.8272268772125,1632
808.0673167705536,1632
808.3929851055145,1637
809.6580893993378,1632
810.6540019512177,1633
810.967339515686,1632
812.5852460861206,1632
813.54714179039,1632
814.5969383716583,1632
815.620477437973,1633
816.0896546840668,1632
817.6248984336853,1634
818.7320771217346,1635
818.8278398513794,1635
820.8010818958282,1541
821.6478173732758,1621
822.6596238613129,1769
823.7752966880798,2010
824.3424367904663,2012
826.1328825950623,2014
826.676572561264,2015
826.9380133152008,2015
828.6790950298309,2014
829.6592545509338,2052
830.648992061615,2063
832.1332628726959,2052
832.3025939464569,2053
833.7307257652283,2053
834.7001264095306,2055
834.9001715183258,2055
836.6349730491638,1682
837.511581659317,1682
838.6002724170685,1682
839.6883594989777,1683
840.2081046104431,1682
841.772712469101,1656
842.6901812553406,1641
842.8427991867065,1639
844.6944341659546,1640
845.4422309398651,1640
846.72669506073,1639
847.6734745502472,1640
848.0473701953888,1640
850.1302697658539,1640
850.6520011425018,1640
851.7768416404724,1641
852.6633784770966,1651
853.2718722820282,1639
854.6186594963074,1639
855.8605015277863,1640
856.6270027160645,1643
857.671028137207,1640
858.4860424995422,1639
859.7176568508148,1639
860.6444118022919,1640
861.0805232524872,1640
862.7215106487274,1640
863.6810965538025,1652
864.6509141921997,1643
865.6111407279968,1643
866.2549867630005,1645
868.083359003067,1647
868.6542725563049,1647
868.8114171028137,1648
870.7036473751068,1648
871.3880667686462,1649
872.5862185955048,1648
873.9632906913757,1649
874.6783399581909,1666
875.7718920707703,1650
876.6630840301514,1552
877.8238799571991,1588
878.8329603672028,1674
879.2679378986359,1783
880.8227906227112,2032
881.6636281013489,2029
881.9146709442139,2034
883.723931312561,2028
884.798903465271,2028
886.2030997276306,2028
886.9962153434753,2066
887.6061275005341,2067
888.7431938648224,2068
889.7420334815979,2067
890.2689638137817,2067
892.1373300552368,2069
892.6737830638885,1696
892.8767247200012,1696
894.6591536998749,1695
895.5008416175842,1696
896.7371089458466,1664
898.1008839607239,1655
898.1948409080505,1654
899.7164363861084,1654
900.6398775577545,1656
900.8366851806641,1657
902.6753635406494,1656
903.4316356182098,1656
904.6848545074463,1656
905.6641261577606,1657
906.0202901363373,1655
907.6909766197205,1677
908.7162244319916,1657
908.8220570087433,1655
910.7076218128204,1658
911.4209713935852,1659
912.7154612541199,1660
913.6776750087738,1660
914.0370752811432,1658
916.117032289505,1661
916.6923096179962,1662
916.7200059890747,1662
918.7011449337006,1675
919.3366556167603,1663
920.6273550987244,1663
921.9154717922211,1663
922.6136212348938,1663
923.6912014484406,1663
924.4839065074921,1663
925.6737456321716,1663
926.6403727531433,1665
927.0669927597046,1663
928.6905181407928,1663
929.6582186222076,1676
930.6611375808716,1664
931.6727106571198,1668
932.2311170101166,1664
934.1169211864471,1569
934.8132038116455,1568
935.0214531421661,1569
936.892974615097,1710
937.7643859386444,2000
937.7989761829376,2000
940.1670129299164,2042
940.399560213089,2046
941.7661144733429,2041
942.7559916973114,2043
943.034542798996,2040
944.7770576477051,2078
945.7311477661133,2080
946.8359527587891,2080
947.7640423774719,2079
948.4512934684753,2080
949.6566576957703,2080
950.8318109512329,1707
951.0963087081909,1707
952.6680085659027,1707
953.6814136505127,1708
953.7880570888519,1708
955.6452782154083,1667
956.4003789424896,1667
958.155083656311,1667
958.7210168838501,1666
959.0230071544647,1667
960.8033804893494,1667
961.6793231964111,1667
962.7125084400177,1677
964.0959227085114,1667
964.3448822498322,1667
965.6562714576721,1669
966.6593954563141,1670
966.9846625328064,1671
968.7573313713074,1671
969.622448682785,1673
970.6325626373291,1673
971.7159316539764,1675
972.2544667720795,1673
973.6797053813934,1685
974.6743903160095,1677
974.9285335540771,1675
976.6624801158905,1675
977.5438983440399,1675
978.6212606430054,1675
979.6619186401367,1676
980.1459939479828,1676
982.0810444355011,1677
982.7223525047302,1676
982.7876424789429,1677
984.6558294296265,1686
985.3880915641785,1676
986.6221108436584,1676
987.9952051639557,1676
988.7097828388214,1677
989.7102179527283,1682
990.6675002574921,1675
991.877475976944,1581
992.8140966892242,1614
993.3913464546204,1663
994.7896716594696,1913
995.7785279750824,2063
996.1006553173065,2050
997.7414357662201,2054
998.6539125442505,2054
998.7623631954193,2054
1000.6975636482239,2058
1001.4622201919556,2091
1002.6888184547424,2091
1003.7079648971558,2093
1004.2093999385834,2093
1006.1776688098907,2094
1006.834362745285,2106
1006.790239572525,2105
1008.7073965072632,1719
1009.8374094963074,1720
1010.1212811470032,1721
1012.0838215351105,1721
1012.6914887428284,1680
1012.7972371578217,1680
1014.6952729225159,1678
1015.3837177753448,1680
1016.8123157024384,1678
1018.0393803119659,1694
1018.7708916664124,1680
1019.7076001167297,1680
1020.6832318305969,1679
1021.678854227066,1680
1022.7466232776642,1683
1023.2994923591614,1682
1024.671574831009,1681
1025.737328529358,1684
1025.9217765331268,1685
1027.7539954185486,1686
1028.5625114440918,1693
1030.1941058635712,1687
1030.789412021637,1687
1031.2028877735138,1687
1032.6275849342346,1691
1033.6457889080048,1689
1033.8101298809052,1688
1036.1188423633575,1688
1036.3991284370422,1689
1037.6445577144623,1688
1038.684953212738,1689
1038.9971389770508,1688
1040.6878776550293,1688
1041.6071863174438,1689
1042.664690732956,1690
1043.649023771286,1690
1044.2217948436737,1689
1045.6525058746338,1690
1046.6219236850739,1690
1046.8490571975708,1689
1048.7705674171448,1690
1049.6998851299286,1593
1050.9221768379211,1632
1051.957477092743,1683
1052.5131378173828,1731
1054.1783545017242,2064
1054.752736568451,2066
1055.2218630313873,2067
1056.725405216217,2066
1057.6559569835663,2067
1058.0979535579681,2066
1060.2441232204437,2105
1060.8866696357727,2105
1060.898554801941,2105
1062.784347295761,2105
1063.7344100475311,2106
1064.8091490268707,2107
1066.1890966892242,2106
1066.3985342979431,2107
1067.7259035110474,1734
1068.622064113617,1736
1069.0816311836243,1734
1070.6548972129822,1691
1071.7771470546722,1694
1072.6882548332214,1706
1073.6921608448029,1692
1074.4121251106262,1693
1075.6560773849487,1691
1076.7452774047852,1694
1077.031136751175,1692
1078.7332108020782,1695
1079.6767637729645,1696
1079.7378039360046,1695
1081.7786421775818,1697
1082.4366300106049,1698
1084.1031081676483,1700
1084.7537887096405,1699
1085.1037340164185,1700
1086.684332370758,1700
1087.7594163417816,1703
1087.8380200862885,1703
1090.1212055683136,1702
1090.4900708198547,1703
1091.7791278362274,1703
1092.6837508678436,1703
1093.1467576026917,1703
1094.6414759159088,1713
1095.8218109607697,1702
1096.6610202789307,1704
1097.6505749225616,1703
1098.4912991523743,1702
1099.6938874721527,1703
1100.6560592651367,1703
1101.0742676258087,1703
1102.655428647995,1704
1103.722371339798,1704
1103.7561950683594,1705
1105.646287202835,1715
1106.3787050247192,1704
1108.2742586135864,1608
1108.8348989486694,1609
1109.1557581424713,1609
1110.8955509662628,1745
1111.7205204963684,2041
1111.9509274959564,2043
1114.120882511139,2084
1114.6539940834045,2084
1115.7798988819122,2085
1116.9026362895966,2095
1117.4000961780548,2087
1118.8360555171967,2121
1120.1362118721008,2124
1120.8734023571014,2123
1121.8356771469116,2132
1122.7896587848663,2125
1122.959328174591,2140
1124.767268896103,1760
1125.6782441139221,1750
1126.7996637821198,1751
1127.7219688892365,1762
1128.3522787094116,1750
1129.7827548980713,1709
1130.6537699699402,1709
1131.0795075893402,1711
1132.6653022766113,1709
1133.7625603675842,1711
1133.81196808815,1711
1135.7279887199402,1709
1136.4645566940308,1710
1138.2525796890259,1715
1138.7209062576294,1723
1139.1736192703247,1712
1140.6438300609589,1713
1141.7338364124298,1715
1141.855714082718,1715
1144.1734483242035,1717
1144.5996878147125,1715
1145.687560081482,1722
1146.7260072231293,1717
1147.2084922790527,1720
1148.7417886257172,1720
1149.8370728492737,1738
1150.7779536247253,1724
1151.7190599441528,1721
1152.4501266479492,1721
1153.6557109355927,1721
1154.7005784511566,1722
1155.124549150467,1720
1156.7206888198853,1721
1157.6653485298157,1720
1157.7737538814545,1721
1159.707458972931,1727
1160.4370725154877,1736
1162.2100307941437,1722
1162.7523765563965,1722
1163.0639340877533,1722
1164.7294096946716,1721
1165.6967709064484,1721
1166.8031060695648,1721
1168.4755063056946,1626
1168.6649186611176,1645
1169.9006295204163,1762
1170.9592866897583,2056
1171.5095920562744,2073
1172.7759969234467,2097
1174.1622693538666,2098
1174.83114695549,2098
1175.8955512046814,2099
1176.8933613300323,2096
1176.9474096298218,2095
1178.7362627983093,2137
1179.6780142784119,2139
1180.8302421569824,2139
1181.935299396515,2143
1182.4146156311035,2145
1183.8585770130157,1897
1184.6847956180573,1766
1185.105794429779,1766
1186.7283198833466,1768
1187.7995352745056,1767
1187.8584189414978,1768
1189.73841381073,1725
1190.5380754470825,1725
1192.2352697849274,1728
1192.7467267513275,1726
1193.2096860408783,1729
1194.7198548316956,1725
1195.7536933422089,1728
1195.906506538391,1725
1198.1249577999115,1726
1198.645426750183,1726
1199.676959991455,1727
1200.653697013855,1726
1201.2964978218079,1726
1202.7234406471252,1727
1204.0261437892914,1727
1204.6799898147583,1738
1205.8182723522186,1726
1206.6944947242737,1733
1207.710064649582,1730
1208.6948974132538,1730
1209.350970029831,1730
1210.6748142242432,1729
1211.752362728119,1729
1211.9829897880554,1729
1213.694652557373,1730
1214.7021350860596,1730
1216.162210226059,1730
1216.7342982292175,1731
1217.3571345806122,1729
1218.721479177475,1730
1219.716489315033,1733
1220.0167036056519,1729
1222.152274131775,1730
1222.6683943271637,1730
1223.683004617691,1734
1224.7040729522705,1731
1225.4096620082855,1729
1226.7229356765747,1739
1228.3484151363373,1633
1229.025601387024,1672
1229.895980834961,1751
1230.8196158409119,1878
1231.2007834911346,2065
1232.796296596527,2106
1233.9480345249176,2110
1234.6996779441833,2107
1236.1509022712708,2108
1236.8956830501556,2107
1237.86558842659,2120
1238.894587278366,2146
1239.8139860630035,2146
1240.7762970924377,2149
1241.9249150753021,2147
1242.6129281520844,2147
1243.8328247070312,2146
1244.734653711319,2149
1245.3037049770355,1774
1246.7352163791656,1731
1247.9086315631866,1731
1248.0582649707794,1732
1249.7450585365295,1732
1250.7611095905304,1732
1250.8323369026184,1731
1252.8033125400543,1732
1253.5397346019745,1731
1254.7134385108948,1729
1255.78462433815,1732
1256.236058473587,1730
1258.3289098739624,1733
1258.9537289142609,1733
1259.0869874954224,1733
1260.9455864429474,1733
1261.8120744228363,1733
1261.8645527362823,1733
1264.2080607414246,1733
1264.585576057434,1732
1265.7482721805573,1732
1266.7603647708893,1735
1267.2490153312683,1733
1268.7028126716614,1732
1269.9382553100586,1733
1270.6798632144928,1743
1271.711046218872,1734
1272.5947937965393,1734
1273.673003435135,1734
1274.6686036586761,1734
1275.2170276641846,1733
1276.7820599079132,1734
1277.722417831421,1734
1277.911949634552,1734
1279.7180020809174,1733
1280.696050643921,1734
1282.1023654937744,1734
1282.7038357257843,1734
1283.3348124027252,1734
1284.834261417389,1734
1285.7491898536682,1735
1286.060539007187,1638
1288.4435555934906,1711
1288.9109945297241,1754
1289.1368660926819,1761
1290.8085148334503,2113
1291.8436827659607,2114
1291.9845969676971,2115
1294.314510345459,2120
1294.784820318222,2120
1294.8369166851044,2121
1297.0137429237366,2151
1297.6866748332977,2153
1298.7565274238586,2154
1300.2593975067139,2153
1300.5356845855713,2153
1301.8403532505035,2154
1302.900705575943,2153
1303.2714927196503,2158
1304.7381973266602,1779
1305.9988045692444,1741
1306.8267889022827,1739
1307.811467409134,1739
1308.69912815094,1740
1309.7836480140686,1740
1310.693618297577,1740
1311.404375553131,1740
1312.7073183059692,1741
1313.94513463974,1743
1314.1445248126984,1740
1315.8403234481812,1746
1316.853450536728,1746
1316.949291229248,1747
1318.8279466629028,1741
1319.6877715587616,1741
1320.7826442718506,1742
1321.8295993804932,1744
1322.3546905517578,1741
1324.3499348163605,1742
1324.7582366466522,1742
1325.118042230606,1745
1326.7809946537018,1742
1327.7087333202362,1743
1327.8166599273682,1741
1330.2316818237305,1742
1330.4551455974579,1742
1331.7009267807007,1741
1332.6583859920502,1743
1333.1583449840546,1743
1334.6807086467743,1741
1335.8512976169586,1741
1336.6976573467255,1753
1337.8047697544098,1743
1338.5957827568054,1742
1339.669174671173,1743
1340.7091238498688,1743
1341.2247524261475,1745
1342.7850368022919,1743
1343.796858549118,1744
1343.9402811527252,1745
1345.9561145305634,1647
1346.9933977127075,1676
1348.5663504600525,1754
1349.0358490943909,1875
1349.8382666110992,2081
1349.8789813518524,2081
1351.7825727462769,2120
1352.6230249404907,2121
1354.3721594810486,2121
1355.0089271068573,2122
1355.4180097579956,2122
1356.8898348808289,2159
1358.1289751529694,2161
1358.3129909038544,2158
1360.455554485321,2161
1360.805421590805,2159
1361.2057423591614,2161
1362.898339509964,2160
1363.733231306076,1788
1363.9624812602997,1788
1366.2161877155304,1744
1366.7305221557617,1744
1367.7864067554474,1746
1368.860958814621,1748
1369.4741785526276,1750
1370.8152112960815,1745
1372.1589121818542,1747
1372.7432894706726,1748
1373.8635544776917,1749
1374.813180923462,1747
1374.9225447177887,1748
1376.7481694221497,1747
1377.7694509029388,1748
1378.8112578392029,1748
1379.8125162124634,1749
1380.482242822647,1754
1381.843834400177,1750
1382.7753162384033,1750
1383.237040758133,1749
1384.883219718933,1749
1385.7313780784607,1751
1385.9443020820618,1750
1387.7338590621948,1749
1388.6610314846039,1749
1390.409416437149,1751
1390.813323020935,1750
1391.3106167316437,1755
1392.789091348648,1750
1393.7092401981354,1750
1393.9979856014252,1749
1396.1095418930054,1751
1396.675094127655,1751
1397.6859905719757,1751
1398.66237282753,1751
1399.413846731186,1751
1400.65424990654,1749
1402.0336184501648,1751
1402.6668796539307,1761
1403.84392786026,1750
1404.7482104301453,1751
1405.8431253433228,1655
1407.0673923492432,1655
1407.6732153892517,1710
1409.087438583374,1882
1409.8685562610626,2088
1410.6067626476288,2117
1411.8570864200592,2130
1412.9353339672089,2131
1413.3429243564606,2134
1414.9974195957184,2131
1415.8172223567963,2134
1416.199419260025,2171
1417.8219876289368,2169
1418.7961728572845,2170
1419.0472118854523,2173
1420.770679473877,2174
1421.9833316802979,2171
1422.0043869018555,2170
1423.9246633052826,1797
1424.8352015018463,1812
1426.2132935523987,1757
1426.7619903087616,1758
1427.6500329971313,1758
1428.7715816497803,1758
1429.7560234069824,1757
1430.420927286148,1756
1432.1903295516968,1758
1432.9524817466736,1757
1433.1790099143982,1758
1434.9555304050446,1758
1435.791386604309,1771
1435.8993990421295,1771
1438.3215897083282,1757
1438.6396870613098,1758
1439.7514336109161,1759
1440.7407760620117,1759
1441.3529512882233,1758
1442.7588605880737,1757
1444.0438845157623,1758
1444.9034593105316,1757
1445.8012113571167,1758
1446.7327854633331,1767
1447.9786281585693,1759
1449.0427713394165,1759
1449.436006784439,1759
1450.8997144699097,1759
1451.7680938243866,1759
1452.1345059871674,1759
1453.8517310619354,1758
1454.8010749816895,1759
1456.1605381965637,1759
1456.9526162147522,1759
1457.565782546997,1766
1458.96852517128,1759
1459.829781293869,1759
1460.2197153568268,1760
1462.143462896347,1759
1462.771323442459,1760
1462.9253146648407,1760
1464.713279724121,1760
1465.6692554950714,1759
1467.0610649585724,1664
1468.4950091838837,1718
1468.519630432129,1724
1470.1413309574127,1783
1470.9920182228088,1900
1471.4104886054993,2097
1472.8193037509918,2138
1474.1357548236847,2138
1474.843846321106,2138
1475.73899102211,2138
1476.9618074893951,2139
1476.9808704853058,2140
1479.1351399421692,2175
1480.0316336154938,2191
1480.9383518695831,2179
1481.891349554062,2179
1482.9655692577362,2178
1483.0882363319397,2177
1484.7072339057922,2177
1485.8468222618103,1764
1486.8245840072632,1765
1487.7242767810822,1764
1488.6106977462769,1764
1490.0517838001251,1762
1490.8007357120514,1776
1491.4263608455658,1764
1492.7757954597473,1762
1493.916785478592,1765
1494.150907754898,1764
1495.7521419525146,1764
1496.7872574329376,1764
1496.949469089508,1769
1498.8544235229492,1763
1499.6546833515167,1763
1500.8453965187073,1765
1501.8674693107605,1775
1502.4291653633118,1764
1504.2596004009247,1764
1504.8849568367004,1765
1505.210351228714,1765
1506.8169519901276,1767
1507.9424505233765,1767
1508.039095878601,1766
1510.2276346683502,1765
1510.8080332279205,1765
1511.8328969478607,1766
1512.8554294109344,1779
1513.59863114357,1766
1514.7748630046844,1764
1516.2087693214417,1765
1516.2926065921783,1765
1517.692527770996,1767
1518.6956942081451,1768
1519.048551082611,1765
1520.7585337162018,1765
1521.794319152832,1766
1522.9500443935394,1768
1523.713145494461,1777
1524.531637430191,1766
1525.8807747364044,1766
1526.971591949463,1672
1527.5570163726807,1671
1529.0711369514465,1753
1530.007087945938,1895
1530.5102224349976,1905
1531.912834405899,2121
1532.9154596328735,2144
1533.4641160964966,2145
1534.7998774051666,2160
1536.083123922348,2146
1536.4366285800934,2146
1538.0263423919678,2183
1538.8778653144836,2183
1539.5954809188843,2183
1540.8664422035217,2196
1541.943598985672,2185
1542.48193526268,2183
1543.9910609722137,2183
1544.915850162506,2184
1545.321373462677,2188
1546.8765542507172,1769
1547.7544648647308,1771
1548.1030135154724,1769
1549.7915213108063,1773
1550.8777844905853,1770
1550.9369809627533,1772
1552.875508069992,1769
1553.7514371871948,1771
1554.7835335731506,1770
1555.8729445934296,1772
1556.5749578475952,1778
1558.2886354923248,1773
1558.841125011444,1771
1559.3402647972107,1773
1560.8546199798584,1772
1561.8613998889923,1775
1562.202775478363,1772
1564.2852277755737,1774
1564.784025669098,1773
1564.9947581291199,1773
1566.831981420517,1775
1567.68327999115,1784
1568.883292913437,1777
1570.2644002437592,1775
1570.4334588050842,1774
1571.7816214561462,1773
1572.748648405075,1774
1573.1365399360657,1774
1574.6844794750214,1772
1575.8762617111206,1777
1576.8341279029846,1774
1577.7774410247803,1774
1578.6586277484894,1782
1579.9194555282593,1774
1580.7360911369324,1776
1581.3455657958984,1776
1582.7174258232117,1775
1583.7563712596893,1776
1584.0678873062134,1775
1585.7909743785858,1775
1586.7991709709167,1683
1586.9011318683624,1680
1589.1590025424957,1721
1589.9819343090057,1775
1591.0388054847717,1809
1591.9020285606384,1922
1592.9869463443756,2142
1594.407778263092,2153
1594.9607419967651,2155
1595.8183133602142,2153
1596.930163383484,2155
1597.953052997589,2154
1598.8102133274078,2160
1600.4334726333618,2195
1600.9303841590881,2204
1601.7833139896393,2193
1602.9208183288574,2195
1604.0288841724396,2193
1604.7156324386597,2192
1606.3368124961853,2181
1606.9748532772064,2184
1607.8218176364899,1778
1608.7967221736908,1779
1609.9020845890045,1779
1610.8311386108398,1778
1612.4553396701813,1778
1612.9455320835114,1778
1613.6292271614075,1778
1614.8087239265442,1778
1615.7539501190186,1780
1616.457267522812,1779
1618.408376455307,1780
1618.8933136463165,1780
1619.3104484081268,1782
1620.7930886745453,1781
1622.1533527374268,1781
1622.2353160381317,1780
1624.3400678634644,1781
1624.812693119049,1781
1625.1248116493225,1781
1626.8056802749634,1783
1627.7282943725586,1783
1627.9257667064667,1781
1630.264848947525,1782
1630.7104728221893,1785
1631.7961876392365,1781
1632.8999893665314,1781
1633.4537088871002,1786
1634.778288602829,1780
1636.2266540527344,1781
1636.236792564392,1781
1637.8229050636292,1783
1638.7761726379395,1782
1639.009442806244,1781
1640.8514201641083,1781
1641.7348716259003,1781
1642.9064095020294,1782
1643.8850767612457,1783
1644.4816296100616,1789
1645.99165391922,1783
1646.8462805747986,1784
1647.4344594478607,1783
1649.3060915470123,1688
1650.0487916469574,1736
1650.510554075241,1764
1652.0917506217957,1921
1652.8187687397003,2124
1653.5519926548004,2158
1655.0492322444916,2163
1655.7709453105927,2173
1656.4865934848785,2162
1657.9025857448578,2169
1659.0005462169647,2201
1659.5339167118073,2201
1660.9199767112732,2201
1661.9502754211426,2202
1662.555111169815,2202
1663.8604419231415,2209
1665.1102089881897,2203
1666.0185759067535,2203
1667.3328773975372,2210
1668.5958671569824,1804
1669.5585262775421,1774
1669.8016002178192,1773
1671.6046602725983,1769
1672.9089958667755,1762
1673.4002673625946,1768
1673.8253927230835,1763
1675.5276544094086,1761
1676.436392068863,1758
1677.3653898239136,1752
1677.4258646965027,1755
1679.3504457473755,1746
1680.4238142967224,1749
1681.1633033752441,1742
1682.371726989746,1740
1683.5369861125946,1744
1684.5483136177063,1733
1685.443273305893,1730
1686.4542164802551,1727
1687.4625766277313,1727
1688.410237312317,1725
1689.3514685630798,1734
1690.8325724601746,1717
1691.4630825519562,1713
1692.4013648033142,1715
1693.1272037029266,1716
1694.2396545410156,1709
1695.3670842647552,1702
1696.1844599246979,1704
1697.361225605011,1696
1698.28821849823,1693
1699.324110507965,1690
1699.6561892032623,1696
1701.3161973953247,1681
1702.6985516548157,1683
1703.0118551254272,1677
1704.1142773628235,1671
1705.2551798820496,1674
1706.4444382190704,1667
1706.5754840373993,1666
1708.9072768688202,1657
1709.391265153885,1655
1710.0771605968475,1657
1711.32861495018,1656
1712.4925563335419,1649
1713.1159818172455,1644
1713.6429221630096,1643
1715.2688872814178,1633
1716.358332157135,1632
1717.2488958835602,1535
1718.6069595813751,1531
1719.3037774562836,1529
1720.7954514026642,1529
1721.4252965450287,1520
1722.4323008060455,1518
1723.4014298915863,1536
1724.9582102298737,1563
1725.0902178287506,1561
1726.9759867191315,1592
1727.5026438236237,1602
1728.8220438957214,1611
1728.9914059638977,1615
1730.3859779834747,1638
1731.521276473999,1724
1732.58696103096,1796
1733.4644000530243,1892
1734.3343076705933,1906
1735.3256351947784,1896
1736.4525594711304,1887
1736.596623659134,1889
1739.0880653858185,1905
1739.8247220516205,1897
1740.207496881485,1931
1741.4770858287811,1936
1742.5824253559113,1920
1743.7781484127045,1922
1744.002958059311,1919
1745.5205473899841,1931
1746.4494333267212,1917
1747.644357919693,1911
1747.7822802066803,1907
1749.9096460342407,1898
1751.4537913799286,1896
1751.637817144394,1899
1751.786841392517,1895
1753.6052422523499,1892
1754.8840992450714,1884
1756.0224034786224,1881
1756.2008361816406,1885
1757.671796321869,1878
1758.7865335941315,1874
1759.6435368061066,1867
1759.9424686431885,1866
1761.4419186115265,1865
1762.9639699459076,1839
1763.0368175506592,1839
1763.0724267959595,1839
1764.8968346118927,1844
1765.9588401317596,1466
1766.4849667549133,1465
1768.751140832901,1467
1769.0006184577942,1467
1769.3921093940735,1467
1770.8068523406982,1465
1771.8380570411682,1467
1772.209956407547,1466
1774.5395877361298,1466
1774.9969713687897,1470
1774.995519399643,1466
1776.774712562561,1466
1777.8257644176483,1467
1777.962373971939,1466
1780.423532962799,1467
1780.6994380950928,1465
1781.7494497299194,1467
1782.7981946468353,1470
1783.4593822956085,1467
1784.9133949279785,1465
1786.239661693573,1467
1786.8508591651917,1467
1788.058846950531,1468
1788.863240480423,1467
1789.152283191681,1439
1791.2887222766876,1370
1792.2362852096558,1430
1793.15886592865,1471
1794.115351676941,1603
1794.8905820846558,1802
1795.2805695533752,1805
1796.8154470920563,1845
1798.1240615844727,1845
1798.923596382141,1846
1800.1312005519867,1849
1801.2267978191376,1852
1801.3254342079163,1851
1803.0643646717072,1884
1804.285040140152,1896
1804.9315419197083,1888
1806.0208702087402,1888
1807.1317253112793,1887
1807.4225389957428,1885
1808.9021623134613,1874
1810.784057855606,1475
1810.8627259731293,1473
1811.9353168010712,1479
1812.9354040622711,1471
1813.5975935459137,1472
1814.841460466385,1471
1816.502300977707,1470
1816.9332127571106,1472
1817.8692033290863,1473
1819.051632642746,1475
1819.4141669273376,1472
1820.9251639842987,1473
1822.2222168445587,1478
1822.9046216011047,1489
1823.9976489543915,1477
1825.0845727920532,1475
1825.0973072052002,1474
1826.9092047214508,1470
1827.976063966751,1474
1828.8156471252441,1474
1829.8691601753235,1472
1830.8098437786102,1484
1832.0748226642609,1475
1832.8286395072937,1474
1833.6362195014954,1484
1835.0219225883484,1473
1835.9599781036377,1474
1836.4632799625397,1473
1837.9557423591614,1473
1838.8564841747284,1475
1839.2684001922607,1473
1840.9839038848877,1473
1841.9071168899536,1474
1842.0857200622559,1474
1843.7912640571594,1474
1844.7902994155884,1492
1844.9511704444885,1476
1846.8051271438599,1475
1847.8263726234436,1476
1848.9087975025177,1475
1849.8002576828003,1476
1850.6563394069672,1476
1852.5338883399963,1381
1853.0330510139465,1381
1853.826493024826,1407
1855.0253603458405,1484
1856.2274634838104,1606
1857.009222984314,1809
1858.5062155723572,1851
1858.9191694259644,1856
1859.9669675827026,1860
1860.9003431797028,1862
1862.0452904701233,1855
1863.0773267745972,1858
1863.137720823288,1858
1865.0930540561676,1894
1866.0981678962708,1897
1866.3454322814941,1897
1868.3183813095093,1893
1869.136860370636,1895
1869.4440653324127,1895
1871.0322337150574,1884
1871.9676821231842,1890
1872.446531534195,1885
1873.9687554836273,1478
1874.8871245384216,1477
1875.3431570529938,1476
1876.973892211914,1479
1877.9602255821228,1478
1878.3544492721558,1477
1879.988689661026,1477
1881.0949776172638,1478
1881.2852895259857,1479
1882.9614522457123,1479
1883.8933811187744,1479
1884.2422482967377,1481
1885.881222486496,1479
1886.979160785675,1481
1887.5104525089264,1480
1888.9061427116394,1491
1890.0968658924103,1480
1890.4666550159454,1480
1892.0075681209564,1480
1892.9405562877655,1480
1893.3413183689117,1479
1894.9557638168335,1479
1895.9592826366425,1479
1896.1622540950775,1481
1897.9412224292755,1479
1898.9617609977722,1480
1900.542317390442,1479
1900.9341640472412,1479
1901.7487154006958,1483
1902.95649933815,1480
1903.9611806869507,1480
1904.489751815796,1481
1906.370187997818,1481
1906.9236388206482,1482
1907.424336194992,1481
1908.7456624507904,1481
1909.9271264076233,1484
1910.3549637794495,1489
1912.4651522636414,1482
1912.833381652832,1482
1913.1819505691528,1482
1914.8384382724762,1387
1916.3509449958801,1387
1916.4400300979614,1389
1918.6132049560547,1510
1919.2171294689178,1615
1919.6638014316559,1627
1921.1538562774658,1862
1921.9179089069366,1875
1922.618361711502,1862
1924.6377637386322,1863
1925.053158044815,1862
1925.6160686016083,1863
1927.1476874351501,1900
1928.1427228450775,1902
1928.7053656578064,1900
1930.5496664047241,1901
1931.14386510849,1903
1932.0323631763458,1906
1933.3827357292175,1892
1934.4382135868073,1893
1935.0932495594025,1891
1936.5079083442688,1890
1937.0107414722443,1489
1938.0103328227997,1488
1938.14484333992,1492
1939.9639775753021,1486
1940.873034477234,1488
1941.1240661144257,1488
1942.998621225357,1489
1944.0599467754364,1507
1944.0843424797058,1489
1945.9709181785583,1487
1947.0386135578156,1489
1947.1466238498688,1488
1948.8557133674622,1491
1949.930641412735,1493
1950.1245172023773,1492
1952.0928795337677,1489
1953.169263124466,1490
1953.4181821346283,1490
1955.2353291511536,1489
1956.0642576217651,1489
1956.3865630626678,1489
1957.983204126358,1489
1958.922653913498,1490
1959.291038274765,1488
1960.7662272453308,1492
1961.8783819675446,1489
1962.1309978961945,1490
1963.8019652366638,1490
1964.9343659877777,1495
1965.004068851471,1490
1966.9418807029724,1488
1967.8710825443268,1489
1967.9349446296692,1489
1969.9939141273499,1488
1970.8026597499847,1489
1972.5590920448303,1489
1972.9129135608673,1490
1973.6370000839233,1491
1974.8272814750671,1494
1976.0324053764343,1490
1976.5720584392548,1467
1978.708992242813,1404
1979.1960399150848,1393
1979.9452736377716,1444
1981.0898878574371,1511
1982.27037358284,1631
1983.043841600418,1829
1984.5437865257263,1866
1984.9750378131866,1869
1985.9812984466553,1870
1986.1970162391663,1872
1988.0952363014221,1870
1989.0979533195496,1880
1989.3822293281555,1877
1991.0789918899536,1909
1992.152370929718,1911
1992.7502465248108,1910
1994.1568253040314,1909
1995.1815767288208,1905
1996.1115317344666,1902
1997.9821679592133,1901
1998.187641620636,1903
1999.1567046642303,1501
2000.1956350803375,1493
2001.1221885681152,1492
2002.2310709953308,1496
2003.207665681839,1496
2003.929044008255,1493
2005.1867270469666,1495
2006.183584690094,1495
2007.1943924427032,1493
2008.716625213623,1499
2009.1742100715637,1499
2010.3038446903229,1496
2011.2439920902252,1497
2011.8481376171112,1496
2013.2517890930176,1499
2014.5176565647125,1497
2014.8238410949707,1498
2016.2318787574768,1495
2017.1317360401154,1497
2017.8831949234009,1494
2019.2436037063599,1497
2020.539428472519,1509
2020.815330028534,1508
2021.949536561966,1499
2022.9606602191925,1496
2023.6217105388641,1497
2025.002918958664,1497
2026.5009634494781,1497
2026.8797979354858,1497
2027.8903713226318,1501
2028.8833529949188,1497
2029.4938509464264,1497
2030.876523733139,1496
2032.4365680217743,1496
2033.0304157733917,1497
2033.9409685134888,1499
2035.0076360702515,1498
2035.444467306137,1497
2037.0659453868866,1498
2038.2810590267181,1503
2039.0143344402313,1499
2039.8757963180542,1499
2041.0522756576538,1505
2041.3957476615906,1498
2043.1921615600586,1403
2044.6067068576813,1451
2045.0576846599579,1470
2046.167797088623,1506
2047.0672316551208,1543
2047.8022112846375,1637
2049.0419805049896,1839
2050.4837386608124,1879
2050.843662261963,1880
2052.3213074207306,1884
2052.985884666443,1882
2053.858208656311,1893
2055.23136138916,1925
2056.6826746463776,1921
2057.2061338424683,1918
2058.2620198726654,1920
2059.098820209503,1922
2060.2849113941193,1922
2060.4880232810974,1921
2062.6959075927734,1912
2063.392265319824,1912
2063.9111745357513,1911
2065.0497546195984,1517
2066.197269678116,1503
2066.841141939163,1504
2068.5184197425842,1502
2069.006112098694,1503
2070.027380466461,1507
2070.9668822288513,1502
2072.0993671417236,1504
2072.928628206253,1503
2075.008181810379,1506
2075.1640622615814,1504
2075.8252058029175,1515
2076.9329285621643,1506
2078.0958120822906,1505
2078.810222387314,1504
2080.507934331894,1506
2081.004024028778,1504
2081.8121526241302,1504
2083.151602745056,1504
2084.1340425014496,1506
2084.861386537552,1505
2086.8367824554443,1515
2086.969020843506,1518
2087.979359149933,1508
2088.9478232860565,1510
2089.9967448711395,1507
2090.856376171112,1506
2092.4876408576965,1506
2092.917256832123,1508
2093.774906873703,1514
2094.906989336014,1509
2095.944807767868,1512
2096.7869729995728,1506
2098.5161843299866,1507
2098.946175098419,1507
2099.8121688365936,1508
2101.092536211014,1511
2101.972868680954,1506
2102.7323377132416,1504
2104.476734161377,1505
2104.9170668125153,1505
2105.735386610031,1412
2107.513144016266,1421
2108.3538539409637,1456
2108.95104265213,1500
2110.8383390903473,1538
2111.311990737915,1642
2112.188767671585,1850
2112.349142551422,1849
2113.972634077072,1883
2114.9097621440887,1890
2115.2205712795258,1888
2117.2902326583862,1887
2118.4932148456573,1895
2118.6900684833527,1890
2120.185890674591,1938
2121.7187700271606,1932
2122.2128472328186,1929
2123.2681696414948,1928
2124.315590620041,1927
2125.0899868011475,1920
2125.3999984264374,1917
2127.18062543869,1918
2128.662125349045,1926
2129.5266513824463,1921
2130.2453043460846,1737
2131.0390181541443,1529
2131.8497352600098,1517
2133.036371946335,1511
2134.4622025489807,1510
2134.9526438713074,1514
2136.035481929779,1513
2137.0818359851837,1511
2137.94939160347,1515
2138.984322786331,1511
2140.996423482895,1514
2141.097092628479,1511
2142.1762125492096,1538
2143.328159093857,1511
2144.1197385787964,1513
2144.236525774002,1512
2146.495328426361,1513
2146.9821820259094,1513
2147.3344943523407,1515
2148.983910560608,1514
2150.115736246109,1515
2150.394073009491,1517
2152.67768907547,1522
2152.9794001579285,1527
2153.433424949646,1514
2154.976222515106,1517
2156.169933319092,1516
2156.3950984477997,1514
2158.5477113723755,1516
2159.0545196533203,1514
2159.3729610443115,1516
2161.072622537613,1515
2161.9790885448456,1515
2162.555151462555,1518
2164.5714275836945,1521
2165.13902258873,1515
2165.5771927833557,1517
2166.9394092559814,1514
2167.9206647872925,1517
2168.491093635559,1517
2170.2911944389343,1421
2171.405950307846,1421
2171.74609375,1422
2173.5378398895264,1476
2174.3833224773407,1513
2175.151759147644,1544
2176.691457271576,1662
2177.3621468544006,1721
2178.154396057129,1865
2178.3832728862762,1867
2180.1663002967834,1899
2181.0707585811615,1901
2181.4872074127197,1911
2183.4280388355255,1897
2184.199670314789,1939
2185.1152894496918,1942
2186.291918039322,1964
2187.7288584709167,1930
2188.3606741428375,1930
2189.2427575588226,1929
2190.357405900955,1929
2191.236215353012,1928
2191.756343603134,1931
2193.415802001953,1928
2194.5124135017395,1933
2195.020867586136,1929
2196.3360090255737,1527
2197.2101023197174,1538
2198.4516813755035,1526
2198.5193219184875,1521
2200.666508436203,1527
2201.104775428772,1522
2201.7427797317505,1522
2203.105301618576,1526
2204.2978382110596,1522
2204.9172756671906,1522
2207.118819952011,1520
2207.3194739818573,1522
2207.923990011215,1537
2209.4858095645905,1523
2210.1216678619385,1523
2211.0700483322144,1522
2212.3444261550903,1527
2213.0329258441925,1530
2214.0778062343597,1522
2214.1136305332184,1529
2215.943831205368,1522
2216.9896206855774,1524
2217.2186930179596,1525
2218.9977905750275,1536
2219.999935388565,1525
2220.284016609192,1526
2221.9953446388245,1524
2222.8839502334595,1526
2223.208254337311,1526
2225.1630647182465,1530
2225.9740512371063,1525
2226.1931869983673,1528
2227.900470495224,1526
2229.0916423797607,1525
2229.2693593502045,1531
2231.227429628372,1525
2232.1129915714264,1526
2232.316319704056,1526
2234.2211089134216,1430
2235.519266843796,1430
2235.9379885196686,1437
2237.632095336914,1527
2238.434670448303,1544
2239.217677593231,1668
2240.331763982773,1788
2241.328997373581,1877
2242.428314447403,1911
2243.0553781986237,1913
2244.0588138103485,1911
2245.279946088791,1922
2246.0468945503235,1912
2247.3154633045197,1954
2248.7127928733826,1953
2249.301217317581,1951
2249.597294807434,1953
2251.262680530548,1950
2252.3823692798615,1966
2252.996515274048,1950
2254.7140600681305,1952
2255.427766561508,1943
2256.2936277389526,1939
2256.314915895462,1940
2258.1283848285675,1947
2259.2486402988434,1533
2259.4606659412384,1534
2261.0382573604584,1537
2262.465747833252,1535
2262.495129108429,1534
2264.278040409088,1532
2265.0892708301544,1532
2265.776462316513,1531
2267.236929178238,1537
2268.018803834915,1533
2269.034487247467,1533
2270.3363785743713,1536
2271.3134586811066,1532
2272.3342304229736,1533
2273.305337667465,1539
2274.191064119339,1554
2275.3197042942047,1533
2275.7947540283203,1540
2276.891950368881,1533
2278.5645594596863,1535
2278.923735141754,1533
2280.022171974182,1534
2281.1953418254852,1539
2282.0750138759613,1534
2282.9590480327606,1534
2284.796843767166,1543
2285.054558992386,1546
2285.2389163970947,1548
2287.1183683872223,1534
2288.212515592575,1535
2288.3568403720856,1539
2290.649086713791,1537
2291.144228219986,1539
2291.481757879257,1536
2292.936249256134,1537
2294.056196451187,1538
2294.924225330353,1536
2296.6309611797333,1539
2297.1256160736084,1539
2297.9199452400208,1542
2299.3388345241547,1537
2300.1186034679413,1442
2300.99680185318,1441
2303.17373418808,1478
2303.347496032715,1489
2304.401887655258,1530
2304.7006907463074,1544
2306.597977876663,1669
2307.3551898002625,1790
2308.084538459778,1883
2309.080646276474,1919
2310.030434370041,1925
2311.054862976074,1923
2311.253237724304,1922
2313.161912202835,1920
2314.419382095337,1960
2315.398129940033,1962
2316.672383069992,1964
2317.5472457408905,1960
2317.620407104492,1956
2319.4475724697113,1952
2321.3122053146362,1959
2321.3421370983124,1951
2322.4999256134033,1957
2323.5220470428467,1960
2324.7182052135468,1951
2324.751386642456,1953
2326.71537566185,1542
2327.5624051094055,1543
2328.1540327072144,1549
2329.028046607971,1557
2330.4657554626465,1544
2331.1186468601227,1543
2331.445408344269,1544
2332.9987800121307,1547
2334.174211025238,1547
2334.887950181961,1544
2336.1151797771454,1543
2337.1796600818634,1545
2337.9743659496307,1545
2339.343848466873,1551
2340.113410949707,1560
2341.391030073166,1547
2342.074539422989,1545
2343.076338291168,1549
2344.711515188217,1544
2345.246480703354,1545
2345.9871003627777,1553
2347.1147723197937,1546
2347.7689332962036,1546
2349.02174448967,1550
2350.835799217224,1553
2350.9427258968353,1554
2352.249095439911,1545
2353.0941281318665,1547
2354.0042827129364,1548
2355.2227482795715,1547
2356.644637107849,1547
2357.215067625046,1550
2357.2887613773346,1549
2359.1049785614014,1548
2359.929217815399,1549
2360.7967574596405,1547
2362.7126562595367,1546
2363.317468881607,1548
2364.0457062721252,1551
2364.982491016388,1519
2366.1336274147034,1452
2367.4867691993713,1452
2367.603663921356,1453
2369.2423117160797,1529
2370.4841673374176,1574
2371.6094403266907,1699
2372.31298661232,1894
2373.576123714447,1893
2374.604001760483,1904
2374.8923015594482,1933
2376.054703950882,1934
2377.4294381141663,1936
2378.115974187851,1935
2379.2708473205566,1945
2381.208160877228,1978
2381.5560445785522,1975
2381.915472984314,1975
2383.628559589386,1977
2384.2964429855347,1991
2385.402447938919,1970
2386.884415626526,1971
2387.442229986191,1969
2388.550302028656,1971
2389.1040539741516,1965
2390.5224483013153,1972
2391.449007987976,1972
2392.5607743263245,1553
2393.658706188202,1553
2394.3729095458984,1556
2395.2633550167084,1575
2396.10742354393,1557
2397.3257603645325,1556
2399.0096757411957,1556
2399.118302822113,1556
2399.5262060165405,1557
2401.32430267334,1560
2402.6156556606293,1561
2402.9269137382507,1554
2405.2021141052246,1555
2405.431704759598,1556
2406.277976989746,1568
2407.2873611450195,1568
2408.4522819519043,1565
2409.438749551773,1558
2409.5311076641083,1560
2411.162874698639,1559
2412.150476694107,1557
2412.6514842510223,1561
2414.1252975463867,1555
2415.293682575226,1559
2416.117885351181,1557
2417.0838770866394,1570
2418.4652490615845,1560
2419.1764953136444,1559
2419.9844315052032,1561
2421.1437845230103,1558
2422.4872303009033,1564
2422.9616384506226,1561
2423.9767603874207,1559
2424.919848680496,1560
2425.7204988002777,1558
2427.2098059654236,1563
2429.0673513412476,1563
2429.134971857071,1564
2430.3164377212524,1535
2431.2707936763763,1471
2432.3181858062744,1466
2433.084522485733,1466
2434.8658187389374,1535
2435.423082590103,1551
2436.338718175888,1570
2436.7425303459167,1583
2438.463270187378,1702
2439.293236732483,1921
2440.297152042389,1909
2441.158073425293,1935
2442.308072566986,1949
2443.2717876434326,1951
2443.538327932358,1948
2445.796238183975,1946
2446.8638014793396,1976
2446.9433002471924,1989
2448.4267110824585,1976
2449.438913345337,1977
2450.424558877945,1994
2451.609153032303,1977
2453.1713984012604,1984
2453.387932777405,1981
2454.1876368522644,1978
2455.5844066143036,1981
2456.9569160938263,1982
2457.7540957927704,1980
2457.9316205978394,1980
2459.9332880973816,1566
2460.3487315177917,1570
2461.312947034836,1586
2462.8667335510254,1567
2463.535213947296,1574
2464.510411262512,1571
2465.3473913669586,1571
2466.325301170349,1568
2467.185878753662,1572
2467.8717823028564,1571
2469.4115545749664,1571
2471.0119771957397,1570
2471.3988873958588,1569
2472.1244416236877,1590
2473.6333117485046,1569
2474.194454431534,1573
2474.9526703357697,1572
2476.980266571045,1573
2477.2643127441406,1572
2477.9872663021088,1571
2478.0789918899536,1574
2479.9587779045105,1569
2481.132620573044,1571
2481.571053981781,1571
2483.1061041355133,1583
2484.3110201358795,1573
2484.8151485919952,1574
2486.119750022888,1575
2486.9901230335236,1574
2487.9947957992554,1571
2489.063708782196,1572
2490.2326607704163,1575
2491.1348950862885,1573
2491.2057688236237,1573
2493.1949050426483,1571
2494.6042528152466,1574
2495.446852684021,1574
2496.3183677196503,1477
2497.349937438965,1478
2498.445696115494,1485
2499.697080373764,1506
2501.0543472766876,1564
2501.714244365692,1588
2502.4113821983337,1612
2504.175845384598,1720
2504.433337688446,1919
2505.4609627723694,1922
2506.0400495529175,1919
2507.477226495743,1959
2508.105691432953,1962
2509.2993290424347,1960
2509.4423356056213,1960
2511.5127413272858,1960
2512.911311149597,1990
2513.6173667907715,1988
2515.057609796524,1999
2515.6562621593475,1989
2516.577255010605,1991
2517.8443660736084,1995
2519.0638575553894,1992
2519.6224749088287,1994
2520.7425377368927,1997
2521.5546786785126,1992
2521.761192560196,1991
2523.662829399109,1991
2525.1526453495026,1991
2525.7861087322235,1991
2525.797107696533,1991
2527.5413675308228,1579
2528.298005580902,1581
2529.182633161545,1583
2529.5033118724823,1585
2531.072500705719,1579
2532.285804748535,1583
2533.0090506076813,1582
2534.330632686615,1585
2535.343395471573,1581
2536.679375886917,1583
2537.44251871109,1588
2538.164922952652,1591
2539.594172477722,1584
2540.290486574173,1583
2541.3981688022614,1579
2542.654071331024,1586
2543.4430453777313,1583
2543.4681441783905,1581
2545.243098974228,1582
2546.204263448715,1582
2546.759785890579,1581
2548.5938563346863,1588
2549.292599439621,1584
2550.0302670001984,1587
2551.2468450069427,1584
2552.1607999801636,1583
2553.248594760895,1584
2554.7047362327576,1584
2555.295013666153,1588
2556.428110599518,1584
2556.4606063365936,1584
2558.0121717453003,1582
2559.3521337509155,1588
2559.787921190262,1588
2561.3122658729553,1585
2562.3934009075165,1552
2563.2439773082733,1492
2564.6505122184753,1492
2565.446694135666,1495
2567.0191798210144,1549
2567.5581917762756,1563
2568.55824136734,1591
2569.7184505462646,1629
2570.8009855747223,1726
2570.983955860138,1732
2572.9240067005157,1933
2573.333755016327,1975
2574.133568048477,1977
2574.456659555435,1974
2576.7679142951965,1973
2577.669673204422,1978
2578.2125129699707,2019
2579.629094362259,2007
2581.1675794124603,2005
2581.806826353073,2008
2581.9611616134644,2008
2583.6221923828125,2006
2585.4863760471344,2009
2586.032152891159,2004
2586.043716430664,2004
2588.0768785476685,2008
2588.7758405208588,2007
2589.909157037735,2008
2590.07013630867,2007
2591.709386587143,2011
2592.4328060150146,1591
2593.219612598419,1608
2593.6408014297485,1594
2595.51162314415,1590
2596.8238666057587,1593
2597.0100359916687,1602
2598.1483278274536,1595
2599.5044372081757,1597
2600.453418493271,1595
2600.7524394989014,1594
2603.3242695331573,1593
2603.734840154648,1593
2604.274336576462,1603
2605.4665699005127,1594
2606.5134422779083,1596
2607.4127094745636,1594
2607.9599554538727,1595
2609.3891892433167,1599
2610.3176820278168,1598
2611.2173619270325,1599
2612.325125694275,1596
2613.6334085464478,1595
2614.4191329479218,1598
2615.072015762329,1610
2616.3752324581146,1599
2617.2030158042908,1596
2617.565160512924,1600
2619.240986585617,1595
2620.5511343479156,1596
2620.8003809452057,1593
2622.363671064377,1605
2623.3041520118713,1600
2624.131118297577,1600
2625.2989361286163,1597
2626.8026115894318,1598
2627.4600615501404,1599
2627.622370004654,1600
2629.271752357483,1501
2631.246800661087,1506
2631.474186897278,1505
2633.3400008678436,1554
2634.337169408798,1573
2634.732438802719,1601
2635.821393966675,1633
2636.736405849457,1704
2637.616306066513,1738
2638.9023756980896,1948
2639.8787212371826,1947
2639.898206472397,1963
2641.397203683853,1985
2642.2905004024506,1991
2643.4770061969757,1985
2643.4971148967743,1986
2645.5429871082306,2010
2647.4426283836365,2014
2647.614951133728,2012
2648.5953357219696,2022
2649.9873580932617,2015
2651.375429868698,2018
2651.6998138427734,2015
2652.5579063892365,2014
2653.7591528892517,2016
2655.4047367572784,2011
2655.651887655258,2012
2657.36661529541,2020
2658.2086822986603,2019
2658.9398193359375,2018
2659.466328859329,2031
2660.8783593177795,2013
2661.4551663398743,2013
2663.3234598636627,2018
2663.4376397132874,2022
2664.5385444164276,1606
2665.6522302627563,1607
2666.514620065689,1607
2666.900493144989,1608
2669.359325647354,1607
2669.487644672394,1608
2670.3938558101654,1624
2671.541258096695,1613
2672.4712505340576,1609
2673.388000011444,1611
2674.1353766918182,1611
2675.5609517097473,1613
2676.377174139023,1610
2677.412570476532,1614
2678.364531517029,1609
2679.270737886429,1611
2680.858983516693,1612
2681.6686980724335,1609
2682.6243484020233,1615
2683.175306558609,1617
2684.254293203354,1611
2684.4539833068848,1613
2687.2138516902924,1612
2687.5321629047394,1610
2687.9445049762726,1610
2689.172429084778,1615
2690.581380844116,1615
2691.229439973831,1611
2693.0200634002686,1611
2693.49889421463,1614
2694.5119404792786,1612
2695.290739297867,1581
2696.438249349594,1516
2698.0036005973816,1515
2698.1613314151764,1518
2699.5370700359344,1564
2700.8796787261963,1609
2702.4570965766907,1638
2702.538398504257,1637
2704.471738100052,1757
2704.8082268238068,1857
2706.061187982559,1968
2706.1040868759155,1966
2708.0795559883118,1999
2708.994768381119,2003
2709.622888803482,2008
2711.3514363765717,2002
2712.2854311466217,2031
2713.5606276988983,2035
2713.692691087723,2033
2715.2333307266235,2031
2716.5378835201263,2035
2716.9574251174927,2036
2717.9586160182953,2031
2718.8083004951477,2037
2720.335634469986,2037
2720.813126564026,2033
2722.2549929618835,2040
2722.661002635956,2036
2724.216593980789,2045
2725.092987537384,2033
2725.6332728862762,2053
2726.6395292282104,2038
2727.9871113300323,2034
2728.821091413498,2035
2729.646393060684,1623
2730.2863483428955,1619
2731.8536908626556,1622
2732.618588924408,1626
2733.5987832546234,1616
2734.978290081024,1621
2735.690510749817,1621
2736.336090326309,1643
2737.6973237991333,1620
2738.3592295646667,1623
2740.1319663524628,1617
2740.687826156616,1620
2741.3986597061157,1619
2742.3190534114838,1618
2743.324017763138,1626
2744.7393181324005,1623
2744.883484840393,1620
2746.3127450942993,1624
2747.9749748706818,1619
2748.2936778068542,1622
2749.371627807617,1626
2750.3649847507477,1621
2751.6387281417847,1626
2752.609863758087,1622
2753.388740301132,1627
2754.5516316890717,1627
2755.005779504776,1622
2756.7035570144653,1622
2758.3608300685883,1638
2758.441185235977,1626
2758.612009048462,1626
2760.3183693885803,1631
2761.6584284305573,1626
2762.434612751007,1527
2762.6691637039185,1528
2765.3745288848877,1526
2765.822080850601,1528
2766.3203349113464,1576
2768.3638954162598,1608
2769.0824999809265,1641
2770.554046154022,1659
2771.195873260498,1758
2771.9420773983,1870
2772.777121782303,1976
2773.5353779792786,1963
2774.4846470355988,1962
2775.788135766983,1985
2776.3954944610596,1990
2777.7010486125946,1988
2778.281035423279,1982
2779.3863174915314,2020
2780.4434797763824,2035
2782.9473116397858,2016
2783.547591686249,2012
2783.658844470978,2015
2785.1440167427063,2023
2786.641556739807,2019
2787.206305027008,2015
2787.4045305252075,2017
2790.2645602226257,2012
2790.377198934555,2012
2791.0964386463165,2018
2792.2798936367035,2025
2793.3107783794403,2018
2794.1008319854736,1657
2795.4160194396973,1636
2795.7461562156677,1630
2796.2573425769806,1632
2797.9050829410553,1630
2798.796149492264,1631
2799.4967756271362,1638
2800.2727601528168,1631
2802.2724330425262,1638
2802.554402112961,1632
2803.9004485607147,1637
2804.5397601127625,1637
2805.919221162796,1631
2807.3466341495514,1633
2807.4031496047974,1634
2808.0477406978607,1633
2809.3510279655457,1632
2810.5215759277344,1636
2811.9298408031464,1632
2813.5023200511932,1657
2813.7563338279724,1637
2814.5667028427124,1635
2815.3994302749634,1636
2816.4402573108673,1634
2817.9896705150604,1640
2818.7469096183777,1637
2819.5349748134613,1638
2820.4738850593567,1642
2821.3270757198334,1635
2822.474876642227,1635
2823.4244191646576,1636
2825.528979063034,1639
2825.6182658672333,1638
2826.1513142585754,1639
2827.622982978821,1642
2828.620858669281,1547
2829.5696675777435,1545
2830.1931912899017,1543
2832.4082701206207,1548
2833.037804365158,1566
2834.2981295585632,1616
2835.495451927185,1643
2835.9064123630524,1641
2837.87135887146,1680
2837.9125180244446,1686
2838.6547169685364,1772
2839.9453620910645,1884
2840.6431398391724,1990
2841.6911017894745,2004
2842.5132808685303,1998
2843.599926710129,2002
2844.9818589687347,2001
2846.3837909698486,2002
2846.462239742279,2011
2848.352655172348,2033
2849.536470890045,2036
2850.0623400211334,2035
2850.763829469681,2034
2851.7043058872223,2032
2852.878462076187,2029
2854.015007019043,2033
2855.1240134239197,2033
2856.4199419021606,2028
2857.5096638202667,2036
2857.641678094864,2043
2859.2137501239777,2037
2859.6413645744324,2028
2861.911657810211,2028
2861.9889414310455,2031
2862.8926191329956,2030
2863.9693269729614,2036
2865.553721666336,1645
2866.4207928180695,1649
2867.5139870643616,1649
2867.6535663604736,1646
2867.96280002594,1653
2870.457542181015,1651
2870.713555574417,1646
2871.44978928566,1648
2873.4528608322144,1646
2873.963557958603,1657
2874.8600566387177,1648
2875.001148700714,1650
2876.640785217285,1651
2877.9873447418213,1653
2878.8795211315155,1654
2879.82257437706,1647
2880.840542078018,1654
2881.615657567978,1655
2882.657156229019,1649
2882.9411039352417,1651
2885.300843000412,1654
2885.6084480285645,1651
2886.5112266540527,1654
2887.7240986824036,1660
2888.7276129722595,1646
2889.975301504135,1659
2890.1303884983063,1665
2892.2462565898895,1650
2892.3259122371674,1657
2893.583071231842,1659
2893.5925047397614,1656
2895.605931520462,1651
2896.539635658264,1651
2897.658127307892,1559
2898.827663421631,1560
2900.229092359543,1555
2900.9403970241547,1557
2901.5792191028595,1573
2903.2835800647736,1632
2904.754929304123,1670
2905.4017629623413,1676
2906.6202280521393,1695
2907.56911444664,1796
2908.0062618255615,1900
2909.1166920661926,2010
2911.2969403266907,2005
2911.5983085632324,2014
2912.128936767578,2056
2913.8296353816986,2033
2913.961134672165,2034
2915.6581485271454,2045
2915.7211198806763,2044
2917.763831615448,2050
2918.769031763077,2055
2919.5825004577637,2049
2919.9445412158966,2046
2920.399032831192,2046
2922.4045712947845,2050
2923.97452712059,2047
2924.655567884445,2044
2924.7757272720337,2043
2926.503315448761,2049
2926.845069169998,2049
2928.4149391651154,2045
2928.8899354934692,2043
2930.2782559394836,2051
2931.9904017448425,2050
2932.908180475235,2045
2933.177678823471,2053
2933.5850536823273,2046
2935.0306158065796,1665
2936.400581598282,1668
2936.7525510787964,1665
2937.5557169914246,1667
2938.6925728321075,1663
2939.7193353176117,1672
2940.7209329605103,1661
2941.450706720352,1667
2943.1508872509003,1666
2944.4060328006744,1664
2944.712402820587,1671
2945.4202423095703,1675
2946.780194044113,1662
2948.137271642685,1666
2948.8717980384827,1662
2949.329630613327,1666
2950.7073476314545,1666
2951.3502526283264,1662
2952.924491882324,1666
2952.992298603058,1666
2954.7715678215027,1664
2955.57781124115,1670
2956.4440557956696,1665
2957.5324795246124,1668
2958.3860092163086,1665
2960.1683690547943,1664
2960.5714676380157,1667
2961.6530656814575,1668
2962.4162867069244,1670
2963.4397342205048,1666
2964.2293424606323,1669
2966.43732714653,1607
2966.5283567905426,1571
2967.806184053421,1588
2967.90758395195,1576
2969.841089963913,1571
2971.2205662727356,1572
2972.2798039913177,1629
2973.2938039302826,1642
2974.2714586257935,1672
2975.1593329906464,1690
2976.0600979328156,1712
2977.242812395096,1719
2978.5290534496307,1825
2978.88525390625,1822
2980.138594865799,1985
2980.8919389247894,1983
2981.238993167877,1984
2982.596949338913,2024
2984.227186203003,2020
2984.5912222862244,2023
2985.3128316402435,2019
2986.599342107773,2057
2988.594203710556,2060
2989.1894659996033,2062
2989.592374563217,2071
2990.9463770389557,2067
2991.6960213184357,2059
2993.278403043747,2061
2994.0874848365784,2063
2995.770699262619,2060
2997.1492307186127,2066
2998.189620733261,2061
2998.2060844898224,2067
2998.366129398346,2066
2999.890455007553,2071
3001.039398431778,2064
3002.556400537491,2066
3002.922704219818,2062
3004.365710735321,1680
3004.7892928123474,1681
3005.6402485370636,1697
3007.173290491104,1678
3007.3490443229675,1681
3009.1228783130646,1682
3010.126958847046,1679
3010.7272577285767,1679
3011.2292234897614,1688
3012.7162177562714,1681
3013.9276168346405,1678
3015.4404752254486,1679
3015.9722509384155,1683
3016.753244161606,1689
3018.206100463867,1685
3018.529618501663,1681
3019.260906934738,1680
3021.5279138088226,1680
3022.0263571739197,1689
3022.7235836982727,1683
3023.184138059616,1685
3024.8502049446106,1683
3025.8922924995422,1683
3026.482675075531,1692
3027.617340564728,1687
3028.5342078208923,1682
3029.7231261730194,1685
3030.0627167224884,1683
3031.982477426529,1682
3033.4334695339203,1703
3033.6332647800446,1692
3034.744609594345,1687
3036.188398838043,1691
3036.4559047222137,1589
3037.6342527866364,1602
3039.0876367092133,1589
3040.5232317447662,1599
3041.473202943802,1590
3042.0501894950867,1621
3042.443481206894,1629
3044.181961774826,1691
3045.428527355194,1702
3047.1761882305145,1730
3047.189324617386,1740
3048.2139670848846,1838
3049.196137905121,1938
3050.091502904892,2029
3051.0782611370087,2049
3051.5302968025208,2062
3052.7676787376404,2056
3054.0491733551025,2052
3055.2235629558563,2058
3056.907731771469,2079
3057.095339536667,2080
3058.89497756958,2086
3059.635656118393,2087
3060.560814142227,2092
3061.8576245307922,2088
3061.8860700130463,2089
3063.322166442871,2082
3065.9694662094116,2090
3065.9665257930756,2088
3066.3537418842316,2088
3066.928928375244,2098
3068.496773958206,2084
3069.2782928943634,2091
3069.994062423706,2088
3071.756361246109,2094
3072.175804376602,2086
3073.5851628780365,2089
3074.5023798942566,2090
3074.6660799980164,2099
3076.3532741069794,2091
3076.7744419574738,2090
3077.8594880104065,1707
3079.231706380844,1702
3080.0786447525024,1701
3080.985147714615,1699
3081.652838230133,1702
3083.749410867691,1702
3084.339210510254,1706
3085.151970386505,1707
3085.7313125133514,1698
3087.1953139305115,1703
3087.8860404491425,1702
3089.7921192646027,1698
3089.9172689914703,1700
3090.595715045929,1704
3091.5390486717224,1708
3093.221668481827,1701
3093.901134490967,1702
3094.065736055374,1699
3095.5746655464172,1701
3097.0280747413635,1706
3098.0156512260437,1705
3098.1052255630493,1700
3099.3659901618958,1700
3101.6022140979767,1702
3101.9865407943726,1701
3101.982161998749,1700
3103.737996339798,1705
3105.3232188224792,1668
3105.609877347946,1608
3106.0994288921356,1603
3108.036480665207,1603
3108.73268866539,1616
3110.097995519638,1614
3110.5382404327393,1609
3112.234982252121,1667
3113.9033501148224,1704
3114.9275155067444,1711
3115.4897100925446,1737
3116.6155071258545,1846
3117.3320429325104,1854
3118.086226940155,1956
3119.6233208179474,2053
3120.6869654655457,2048
3121.1952097415924,2072
3122.0721232891083,2072
3122.807872772217,2069
3123.501940011978,2070
3125.4273977279663,2097
3126.11021399498,2097
3127.6148207187653,2095
3128.7915987968445,2095
3129.29612326622,2099
3130.683329105377,2098
3132.341529607773,2102
3133.864952802658,2112
3134.3627400398254,2101
3134.93226313591,2103
3135.463363647461,2101
3137.021862268448,2111
3137.7356185913086,2106
3138.297239780426,2104
3139.419070482254,2103
3140.536693096161,2100
3141.923443555832,2102
