Execution Type,simult
Executions Number,2
Frequency,230400000 MHz
Average Power consumed,0.927541935483871 W
Average GPU Temp,45.82258064516129 °C
Average RAM used,1659.516129032258 MB
Average GPU used,91.7741935483871 %
Total execution time,98.95920848846436 s

Workloads used by each application
Wicked, 76800000 921600000 0.01
LavaMD, -boxes1d 5
Srad,1000 0.5 524 524
Gauss,matrix2048.txt

Execution times per iteration
1,48.40733623504639
2,50.15254807472229

Application-specific iteration metrics

App,SET DEVICE,MEM COPY IN,KERNEL,MEM COPY OUT,MEM FREE,TOTAL
LavaMD,1.22862303257,0.00137199997,0.433622002602,0.006725000218,0.000518999994,1.683110952377
,1.024770975113,0.004089000169,0.449052989483,0.000708999985,0.000296000013,1.483988046646
Average,1.1266970038415,0.0027305000695000002,0.4413374960425,0.0037170001015,0.00040750000349999997,1.5835494995115

App,RESIZE IMAGE,COPY DATA TO CPU->GPU,EXTRACT IMAGE,COMPRESS IMAGE,COMPUTE,COPY DATA TO GPU->CPU,"GPU DRIVER INIT, CPU/GPU SETUP, MEMORY ALLOCATION",TOTAL
Srad,0.002772999927,0.000750000007,0.000526999997,7.1000002e-05,6.240318775177,0.005466999952,0.736033976078,7.213214874268 
,0.005549999885,0.00082299998,8.7e-05,0.000102999998,5.099398136139,0.003080999944,1.638667941093,7.049831867218 
Average,0.004161499906,0.0007864999935,0.0003069999985,8.7e-05,5.669858455658,0.004273999948,1.1873509585855,7.131523370743

App,Clock Rate,Kernel Time,Total Time
Gaussian,921600.0,40.979853,41.616896
,921600.0,41.487987,41.843952
Average,921600.0,41.23392,41.730424

