Execution Type,simult
Executions Number,2
Frequency,460800000 MHz
Average Power consumed,0.7542749999999999 W
Average GPU Temp,45.104166666666664 °C
Average RAM used,1013.875 MB
Average GPU used,93.83333333333333 %
Total execution time,45.82116937637329 s

Workloads used by each application
Wicked, 153600000 844800000 0.05
LavaMD, -boxes1d 32
Gauss,matrix2048.txt

Execution times per iteration

Application-specific iteration metrics

App,SET DEVICE,MEM COPY IN,KERNEL,MEM COPY OUT,MEM FREE,TOTAL
LavaMD,0.076194003224,0.189162001014,5.200070858002,1e-05,4e-06,5.609042167664
Average,0.076194003224,0.189162001014,5.200070858002,1e-05,4e-06,5.609042167664

App,Clock Rate,Kernel Time,Total Time
Gaussian,921600.0,37.879011,43.479651
Average,921600.0,37.879011,43.479651

